[{"model": "homework58.status", "pk": 1, "fields": {"name": "New"}}, {"model": "homework58.status", "pk": 2, "fields": {"name": "In Progress"}}, {"model": "homework58.status", "pk": 3, "fields": {"name": "Done"}}, {"model": "homework58.issuetype", "pk": 3, "fields": {"issue": 7, "type": 2}}, {"model": "homework58.issuetype", "pk": 8, "fields": {"issue": 11, "type": 1}}, {"model": "homework58.issuetype", "pk": 9, "fields": {"issue": 11, "type": 3}}, {"model": "homework58.issuetype", "pk": 10, "fields": {"issue": 12, "type": 2}}, {"model": "homework58.issuetype", "pk": 11, "fields": {"issue": 13, "type": 1}}, {"model": "homework58.issuetype", "pk": 12, "fields": {"issue": 13, "type": 3}}, {"model": "homework58.issuetype", "pk": 13, "fields": {"issue": 14, "type": 2}}, {"model": "homework58.issuetype", "pk": 14, "fields": {"issue": 15, "type": 2}}, {"model": "homework58.issuetype", "pk": 15, "fields": {"issue": 16, "type": 2}}, {"model": "homework58.issuetype", "pk": 16, "fields": {"issue": 17, "type": 1}}, {"model": "homework58.issuetype", "pk": 17, "fields": {"issue": 18, "type": 2}}, {"model": "homework58.issuetype", "pk": 18, "fields": {"issue": 19, "type": 3}}, {"model": "homework58.issuetype", "pk": 19, "fields": {"issue": 20, "type": 1}}, {"model": "homework58.issuetype", "pk": 20, "fields": {"issue": 20, "type": 3}}, {"model": "homework58.issuetype", "pk": 21, "fields": {"issue": 21, "type": 3}}, {"model": "homework58.issuetype", "pk": 22, "fields": {"issue": 22, "type": 1}}, {"model": "homework58.issuetype", "pk": 23, "fields": {"issue": 22, "type": 3}}, {"model": "homework58.issuetype", "pk": 24, "fields": {"issue": 23, "type": 1}}, {"model": "homework58.issuetype", "pk": 25, "fields": {"issue": 23, "type": 3}}, {"model": "homework58.issuetype", "pk": 26, "fields": {"issue": 24, "type": 2}}, {"model": "homework58.issue", "pk": 7, "fields": {"summary": "Bug fix", "description": "Fix bugs in issues.py file", "status": 2, "created_date": "2023-03-06T19:21:09.971Z", "updated_date": "2023-03-07T05:56:06.701Z"}}, {"model": "homework58.issue", "pk": 11, "fields": {"summary": "Finish homework", "description": "Finish homework №58", "status": 3, "created_date": "2023-03-07T05:56:46.009Z", "updated_date": "2023-03-07T05:56:46.015Z"}}, {"model": "homework58.issue", "pk": 12, "fields": {"summary": "Fix models bug", "description": "Fix models.py file", "status": 3, "created_date": "2023-03-07T05:58:44.967Z", "updated_date": "2023-03-07T05:58:44.970Z"}}, {"model": "homework58.issue", "pk": 13, "fields": {"summary": "Implement functioanry", "description": "Implement functionality that allows users to modify issues", "status": 3, "created_date": "2023-03-07T06:01:35.327Z", "updated_date": "2023-03-07T06:01:35.333Z"}}, {"model": "homework58.issue", "pk": 14, "fields": {"summary": "Fix a bug that prevents users from successfully creating a task", "description": "Fix a bug that prevents users from successfully creating a task", "status": 3, "created_date": "2023-03-07T06:02:16.164Z", "updated_date": "2023-03-07T06:02:16.170Z"}}, {"model": "homework58.issue", "pk": 15, "fields": {"summary": "Fix a bug in the code that prevents some users from accessing a specific page of the site", "description": "Fix a bug in the code that prevents some users from accessing a specific page of the site", "status": 3, "created_date": "2023-03-07T06:02:48.596Z", "updated_date": "2023-03-07T06:02:48.601Z"}}, {"model": "homework58.issue", "pk": 16, "fields": {"summary": "Fix a bug due to which certain users cannot send messages through the feedback form", "description": "Fix a bug due to which certain users cannot send messages through the feedback form", "status": 3, "created_date": "2023-03-07T06:03:22.050Z", "updated_date": "2023-03-07T06:03:22.055Z"}}, {"model": "homework58.issue", "pk": 17, "fields": {"summary": "It is necessary to add a new section to the application menu and related functionality", "description": "It is necessary to add a new section to the application menu and related functionality", "status": 2, "created_date": "2023-03-07T06:05:00.956Z", "updated_date": "2023-03-07T06:05:00.962Z"}}, {"model": "homework58.issue", "pk": 18, "fields": {"summary": "The application has a bug", "description": "The application has a bug that causes the application to behave unexpectedly. Find out the cause of the error and fix it", "status": 1, "created_date": "2023-03-07T06:05:45.996Z", "updated_date": "2023-03-07T06:05:46.000Z"}}, {"model": "homework58.issue", "pk": 19, "fields": {"summary": "Development of a new feature", "description": "Develop a new feature that allows create new issue", "status": 1, "created_date": "2023-03-07T06:08:09.689Z", "updated_date": "2023-03-07T06:08:09.693Z"}}, {"model": "homework58.issue", "pk": 20, "fields": {"summary": "English classes", "description": "Attend an English class by the end of the month", "status": 3, "created_date": "2023-03-07T06:09:50.898Z", "updated_date": "2023-03-07T06:09:50.902Z"}}, {"model": "homework58.issue", "pk": 21, "fields": {"summary": "Django lessons", "description": "Attend a Django class in Attracrot school", "status": 2, "created_date": "2023-03-07T06:13:38.572Z", "updated_date": "2023-03-07T06:13:38.576Z"}}, {"model": "homework58.issue", "pk": 22, "fields": {"summary": "Recall the principles of OOP", "description": "Recall the principles of OOP", "status": 3, "created_date": "2023-03-07T06:16:26.532Z", "updated_date": "2023-03-07T06:16:26.537Z"}}, {"model": "homework58.issue", "pk": 23, "fields": {"summary": "Finish homework", "description": "Finish homework №57", "status": 3, "created_date": "2023-03-07T06:17:50.551Z", "updated_date": "2023-03-07T06:17:50.558Z"}}, {"model": "homework58.issue", "pk": 24, "fields": {"summary": "Fix forms.py bug", "description": "Fix forms.py file bug", "status": 3, "created_date": "2023-03-07T06:18:18.811Z", "updated_date": "2023-03-07T06:18:18.816Z"}}, {"model": "homework58.type", "pk": 1, "fields": {"name": "Task"}}, {"model": "homework58.type", "pk": 2, "fields": {"name": "Bug"}}, {"model": "homework58.type", "pk": 3, "fields": {"name": "Enhancement"}}, {"model": "auth.permission", "pk": 1, "fields": {"name": "Can add log entry", "content_type": 1, "codename": "add_logentry"}}, {"model": "auth.permission", "pk": 2, "fields": {"name": "Can change log entry", "content_type": 1, "codename": "change_logentry"}}, {"model": "auth.permission", "pk": 3, "fields": {"name": "Can delete log entry", "content_type": 1, "codename": "delete_logentry"}}, {"model": "auth.permission", "pk": 4, "fields": {"name": "Can view log entry", "content_type": 1, "codename": "view_logentry"}}, {"model": "auth.permission", "pk": 5, "fields": {"name": "Can add permission", "content_type": 2, "codename": "add_permission"}}, {"model": "auth.permission", "pk": 6, "fields": {"name": "Can change permission", "content_type": 2, "codename": "change_permission"}}, {"model": "auth.permission", "pk": 7, "fields": {"name": "Can delete permission", "content_type": 2, "codename": "delete_permission"}}, {"model": "auth.permission", "pk": 8, "fields": {"name": "Can view permission", "content_type": 2, "codename": "view_permission"}}, {"model": "auth.permission", "pk": 9, "fields": {"name": "Can add group", "content_type": 3, "codename": "add_group"}}, {"model": "auth.permission", "pk": 10, "fields": {"name": "Can change group", "content_type": 3, "codename": "change_group"}}, {"model": "auth.permission", "pk": 11, "fields": {"name": "Can delete group", "content_type": 3, "codename": "delete_group"}}, {"model": "auth.permission", "pk": 12, "fields": {"name": "Can view group", "content_type": 3, "codename": "view_group"}}, {"model": "auth.permission", "pk": 13, "fields": {"name": "Can add user", "content_type": 4, "codename": "add_user"}}, {"model": "auth.permission", "pk": 14, "fields": {"name": "Can change user", "content_type": 4, "codename": "change_user"}}, {"model": "auth.permission", "pk": 15, "fields": {"name": "Can delete user", "content_type": 4, "codename": "delete_user"}}, {"model": "auth.permission", "pk": 16, "fields": {"name": "Can view user", "content_type": 4, "codename": "view_user"}}, {"model": "auth.permission", "pk": 17, "fields": {"name": "Can add content type", "content_type": 5, "codename": "add_contenttype"}}, {"model": "auth.permission", "pk": 18, "fields": {"name": "Can change content type", "content_type": 5, "codename": "change_contenttype"}}, {"model": "auth.permission", "pk": 19, "fields": {"name": "Can delete content type", "content_type": 5, "codename": "delete_contenttype"}}, {"model": "auth.permission", "pk": 20, "fields": {"name": "Can view content type", "content_type": 5, "codename": "view_contenttype"}}, {"model": "auth.permission", "pk": 21, "fields": {"name": "Can add session", "content_type": 6, "codename": "add_session"}}, {"model": "auth.permission", "pk": 22, "fields": {"name": "Can change session", "content_type": 6, "codename": "change_session"}}, {"model": "auth.permission", "pk": 23, "fields": {"name": "Can delete session", "content_type": 6, "codename": "delete_session"}}, {"model": "auth.permission", "pk": 24, "fields": {"name": "Can view session", "content_type": 6, "codename": "view_session"}}, {"model": "auth.permission", "pk": 25, "fields": {"name": "Can add Статус", "content_type": 7, "codename": "add_status"}}, {"model": "auth.permission", "pk": 26, "fields": {"name": "Can change Статус", "content_type": 7, "codename": "change_status"}}, {"model": "auth.permission", "pk": 27, "fields": {"name": "Can delete Статус", "content_type": 7, "codename": "delete_status"}}, {"model": "auth.permission", "pk": 28, "fields": {"name": "Can view Статус", "content_type": 7, "codename": "view_status"}}, {"model": "auth.permission", "pk": 29, "fields": {"name": "Can add Тип задачи", "content_type": 8, "codename": "add_type"}}, {"model": "auth.permission", "pk": 30, "fields": {"name": "Can change Тип задачи", "content_type": 8, "codename": "change_type"}}, {"model": "auth.permission", "pk": 31, "fields": {"name": "Can delete Тип задачи", "content_type": 8, "codename": "delete_type"}}, {"model": "auth.permission", "pk": 32, "fields": {"name": "Can view Тип задачи", "content_type": 8, "codename": "view_type"}}, {"model": "auth.permission", "pk": 33, "fields": {"name": "Can add issue type", "content_type": 9, "codename": "add_issuetype"}}, {"model": "auth.permission", "pk": 34, "fields": {"name": "Can change issue type", "content_type": 9, "codename": "change_issuetype"}}, {"model": "auth.permission", "pk": 35, "fields": {"name": "Can delete issue type", "content_type": 9, "codename": "delete_issuetype"}}, {"model": "auth.permission", "pk": 36, "fields": {"name": "Can view issue type", "content_type": 9, "codename": "view_issuetype"}}, {"model": "auth.permission", "pk": 37, "fields": {"name": "Can add Задача", "content_type": 10, "codename": "add_issue"}}, {"model": "auth.permission", "pk": 38, "fields": {"name": "Can change Задача", "content_type": 10, "codename": "change_issue"}}, {"model": "auth.permission", "pk": 39, "fields": {"name": "Can delete Задача", "content_type": 10, "codename": "delete_issue"}}, {"model": "auth.permission", "pk": 40, "fields": {"name": "Can view Задача", "content_type": 10, "codename": "view_issue"}}, {"model": "auth.user", "pk": 1, "fields": {"password": "pbkdf2_sha256$390000$EWNERoobSQ5ygFxD2XacJp$MRzGMpSd8YoSfeHb/k/kH/1kzjyDo2PO48bwbQKpL8c=", "last_login": null, "is_superuser": true, "username": "admin", "first_name": "", "last_name": "", "email": "", "is_staff": true, "is_active": true, "date_joined": "2023-03-06T18:02:55.644Z", "groups": [], "user_permissions": []}}]